id,price
15035,100000
15036,100000
15037,100000
15038,100000
15039,100000
15040,100000
15041,100000
15042,100000
15043,100000
15044,100000
15045,100000
15046,100000
15047,100000
15048,100000
15049,100000
15050,100000
15051,100000
15052,100000
15053,100000
15054,100000
15055,100000
15056,100000
15057,100000
15058,100000
15059,100000
15060,100000
15061,100000
15062,100000
15063,100000
15064,100000
15065,100000
15066,100000
15067,100000
15068,100000
15069,100000
15070,100000
15071,100000
15072,100000
15073,100000
15074,100000
15075,100000
15076,100000
15077,100000
15078,100000
15079,100000
15080,100000
15081,100000
15082,100000
15083,100000
15084,100000
15085,100000
15086,100000
15087,100000
15088,100000
15089,100000
15090,100000
15091,100000
15092,100000
15093,100000
15094,100000
15095,100000
15096,100000
15097,100000
15098,100000
15099,100000
15100,100000
15101,100000
15102,100000
15103,100000
15104,100000
15105,100000
15106,100000
15107,100000
15108,100000
15109,100000
15110,100000
15111,100000
15112,100000
15113,100000
15114,100000
15115,100000
15116,100000
15117,100000
15118,100000
15119,100000
15120,100000
15121,100000
15122,100000
15123,100000
15124,100000
15125,100000
15126,100000
15127,100000
15128,100000
15129,100000
15130,100000
15131,100000
15132,100000
15133,100000
15134,100000
15135,100000
15136,100000
15137,100000
15138,100000
15139,100000
15140,100000
15141,100000
15142,100000
15143,100000
15144,100000
15145,100000
15146,100000
15147,100000
15148,100000
15149,100000
15150,100000
15151,100000
15152,100000
15153,100000
15154,100000
15155,100000
15156,100000
15157,100000
15158,100000
15159,100000
15160,100000
15161,100000
15162,100000
15163,100000
15164,100000
15165,100000
15166,100000
15167,100000
15168,100000
15169,100000
15170,100000
15171,100000
15172,100000
15173,100000
15174,100000
15175,100000
15176,100000
15177,100000
15178,100000
15179,100000
15180,100000
15181,100000
15182,100000
15183,100000
15184,100000
15185,100000
15186,100000
15187,100000
15188,100000
15189,100000
15190,100000
15191,100000
15192,100000
15193,100000
15194,100000
15195,100000
15196,100000
15197,100000
15198,100000
15199,100000
15200,100000
15201,100000
15202,100000
15203,100000
15204,100000
15205,100000
15206,100000
15207,100000
15208,100000
15209,100000
15210,100000
15211,100000
15212,100000
15213,100000
15214,100000
15215,100000
15216,100000
15217,100000
15218,100000
15219,100000
15220,100000
15221,100000
15222,100000
15223,100000
15224,100000
15225,100000
15226,100000
15227,100000
15228,100000
15229,100000
15230,100000
15231,100000
15232,100000
15233,100000
15234,100000
15235,100000
15236,100000
15237,100000
15238,100000
15239,100000
15240,100000
15241,100000
15242,100000
15243,100000
15244,100000
15245,100000
15246,100000
15247,100000
15248,100000
15249,100000
15250,100000
15251,100000
15252,100000
15253,100000
15254,100000
15255,100000
15256,100000
15257,100000
15258,100000
15259,100000
15260,100000
15261,100000
15262,100000
15263,100000
15264,100000
15265,100000
15266,100000
15267,100000
15268,100000
15269,100000
15270,100000
15271,100000
15272,100000
15273,100000
15274,100000
15275,100000
15276,100000
15277,100000
15278,100000
15279,100000
15280,100000
15281,100000
15282,100000
15283,100000
15284,100000
15285,100000
15286,100000
15287,100000
15288,100000
15289,100000
15290,100000
15291,100000
15292,100000
15293,100000
15294,100000
15295,100000
15296,100000
15297,100000
15298,100000
15299,100000
15300,100000
15301,100000
15302,100000
15303,100000
15304,100000
15305,100000
15306,100000
15307,100000
15308,100000
15309,100000
15310,100000
15311,100000
15312,100000
15313,100000
15314,100000
15315,100000
15316,100000
15317,100000
15318,100000
15319,100000
15320,100000
15321,100000
15322,100000
15323,100000
15324,100000
15325,100000
15326,100000
15327,100000
15328,100000
15329,100000
15330,100000
15331,100000
15332,100000
15333,100000
15334,100000
15335,100000
15336,100000
15337,100000
15338,100000
15339,100000
15340,100000
15341,100000
15342,100000
15343,100000
15344,100000
15345,100000
15346,100000
15347,100000
15348,100000
15349,100000
15350,100000
15351,100000
15352,100000
15353,100000
15354,100000
15355,100000
15356,100000
15357,100000
15358,100000
15359,100000
15360,100000
15361,100000
15362,100000
15363,100000
15364,100000
15365,100000
15366,100000
15367,100000
15368,100000
15369,100000
15370,100000
15371,100000
15372,100000
15373,100000
15374,100000
15375,100000
15376,100000
15377,100000
15378,100000
15379,100000
15380,100000
15381,100000
15382,100000
15383,100000
15384,100000
15385,100000
15386,100000
15387,100000
15388,100000
15389,100000
15390,100000
15391,100000
15392,100000
15393,100000
15394,100000
15395,100000
15396,100000
15397,100000
15398,100000
15399,100000
15400,100000
15401,100000
15402,100000
15403,100000
15404,100000
15405,100000
15406,100000
15407,100000
15408,100000
15409,100000
15410,100000
15411,100000
15412,100000
15413,100000
15414,100000
15415,100000
15416,100000
15417,100000
15418,100000
15419,100000
15420,100000
15421,100000
15422,100000
15423,100000
15424,100000
15425,100000
15426,100000
15427,100000
15428,100000
15429,100000
15430,100000
15431,100000
15432,100000
15433,100000
15434,100000
15435,100000
15436,100000
15437,100000
15438,100000
15439,100000
15440,100000
15441,100000
15442,100000
15443,100000
15444,100000
15445,100000
15446,100000
15447,100000
15448,100000
15449,100000
15450,100000
15451,100000
15452,100000
15453,100000
15454,100000
15455,100000
15456,100000
15457,100000
15458,100000
15459,100000
15460,100000
15461,100000
15462,100000
15463,100000
15464,100000
15465,100000
15466,100000
15467,100000
15468,100000
15469,100000
15470,100000
15471,100000
15472,100000
15473,100000
15474,100000
15475,100000
15476,100000
15477,100000
15478,100000
15479,100000
15480,100000
15481,100000
15482,100000
15483,100000
15484,100000
15485,100000
15486,100000
15487,100000
15488,100000
15489,100000
15490,100000
15491,100000
15492,100000
15493,100000
15494,100000
15495,100000
15496,100000
15497,100000
15498,100000
15499,100000
15500,100000
15501,100000
15502,100000
15503,100000
15504,100000
15505,100000
15506,100000
15507,100000
15508,100000
15509,100000
15510,100000
15511,100000
15512,100000
15513,100000
15514,100000
15515,100000
15516,100000
15517,100000
15518,100000
15519,100000
15520,100000
15521,100000
15522,100000
15523,100000
15524,100000
15525,100000
15526,100000
15527,100000
15528,100000
15529,100000
15530,100000
15531,100000
15532,100000
15533,100000
15534,100000
15535,100000
15536,100000
15537,100000
15538,100000
15539,100000
15540,100000
15541,100000
15542,100000
15543,100000
15544,100000
15545,100000
15546,100000
15547,100000
15548,100000
15549,100000
15550,100000
15551,100000
15552,100000
15553,100000
15554,100000
15555,100000
15556,100000
15557,100000
15558,100000
15559,100000
15560,100000
15561,100000
15562,100000
15563,100000
15564,100000
15565,100000
15566,100000
15567,100000
15568,100000
15569,100000
15570,100000
15571,100000
15572,100000
15573,100000
15574,100000
15575,100000
15576,100000
15577,100000
15578,100000
15579,100000
15580,100000
15581,100000
15582,100000
15583,100000
15584,100000
15585,100000
15586,100000
15587,100000
15588,100000
15589,100000
15590,100000
15591,100000
15592,100000
15593,100000
15594,100000
15595,100000
15596,100000
15597,100000
15598,100000
15599,100000
15600,100000
15601,100000
15602,100000
15603,100000
15604,100000
15605,100000
15606,100000
15607,100000
15608,100000
15609,100000
15610,100000
15611,100000
15612,100000
15613,100000
15614,100000
15615,100000
15616,100000
15617,100000
15618,100000
15619,100000
15620,100000
15621,100000
15622,100000
15623,100000
15624,100000
15625,100000
15626,100000
15627,100000
15628,100000
15629,100000
15630,100000
15631,100000
15632,100000
15633,100000
15634,100000
15635,100000
15636,100000
15637,100000
15638,100000
15639,100000
15640,100000
15641,100000
15642,100000
15643,100000
15644,100000
15645,100000
15646,100000
15647,100000
15648,100000
15649,100000
15650,100000
15651,100000
15652,100000
15653,100000
15654,100000
15655,100000
15656,100000
15657,100000
15658,100000
15659,100000
15660,100000
15661,100000
15662,100000
15663,100000
15664,100000
15665,100000
15666,100000
15667,100000
15668,100000
15669,100000
15670,100000
15671,100000
15672,100000
15673,100000
15674,100000
15675,100000
15676,100000
15677,100000
15678,100000
15679,100000
15680,100000
15681,100000
15682,100000
15683,100000
15684,100000
15685,100000
15686,100000
15687,100000
15688,100000
15689,100000
15690,100000
15691,100000
15692,100000
15693,100000
15694,100000
15695,100000
15696,100000
15697,100000
15698,100000
15699,100000
15700,100000
15701,100000
15702,100000
15703,100000
15704,100000
15705,100000
15706,100000
15707,100000
15708,100000
15709,100000
15710,100000
15711,100000
15712,100000
15713,100000
15714,100000
15715,100000
15716,100000
15717,100000
15718,100000
15719,100000
15720,100000
15721,100000
15722,100000
15723,100000
15724,100000
15725,100000
15726,100000
15727,100000
15728,100000
15729,100000
15730,100000
15731,100000
15732,100000
15733,100000
15734,100000
15735,100000
15736,100000
15737,100000
15738,100000
15739,100000
15740,100000
15741,100000
15742,100000
15743,100000
15744,100000
15745,100000
15746,100000
15747,100000
15748,100000
15749,100000
15750,100000
15751,100000
15752,100000
15753,100000
15754,100000
15755,100000
15756,100000
15757,100000
15758,100000
15759,100000
15760,100000
15761,100000
15762,100000
15763,100000
15764,100000
15765,100000
15766,100000
15767,100000
15768,100000
15769,100000
15770,100000
15771,100000
15772,100000
15773,100000
15774,100000
15775,100000
15776,100000
15777,100000
15778,100000
15779,100000
15780,100000
15781,100000
15782,100000
15783,100000
15784,100000
15785,100000
15786,100000
15787,100000
15788,100000
15789,100000
15790,100000
15791,100000
15792,100000
15793,100000
15794,100000
15795,100000
15796,100000
15797,100000
15798,100000
15799,100000
15800,100000
15801,100000
15802,100000
15803,100000
15804,100000
15805,100000
15806,100000
15807,100000
15808,100000
15809,100000
15810,100000
15811,100000
15812,100000
15813,100000
15814,100000
15815,100000
15816,100000
15817,100000
15818,100000
15819,100000
15820,100000
15821,100000
15822,100000
15823,100000
15824,100000
15825,100000
15826,100000
15827,100000
15828,100000
15829,100000
15830,100000
15831,100000
15832,100000
15833,100000
15834,100000
15835,100000
15836,100000
15837,100000
15838,100000
15839,100000
15840,100000
15841,100000
15842,100000
15843,100000
15844,100000
15845,100000
15846,100000
15847,100000
15848,100000
15849,100000
15850,100000
15851,100000
15852,100000
15853,100000
15854,100000
15855,100000
15856,100000
15857,100000
15858,100000
15859,100000
15860,100000
15861,100000
15862,100000
15863,100000
15864,100000
15865,100000
15866,100000
15867,100000
15868,100000
15869,100000
15870,100000
15871,100000
15872,100000
15873,100000
15874,100000
15875,100000
15876,100000
15877,100000
15878,100000
15879,100000
15880,100000
15881,100000
15882,100000
15883,100000
15884,100000
15885,100000
15886,100000
15887,100000
15888,100000
15889,100000
15890,100000
15891,100000
15892,100000
15893,100000
15894,100000
15895,100000
15896,100000
15897,100000
15898,100000
15899,100000
15900,100000
15901,100000
15902,100000
15903,100000
15904,100000
15905,100000
15906,100000
15907,100000
15908,100000
15909,100000
15910,100000
15911,100000
15912,100000
15913,100000
15914,100000
15915,100000
15916,100000
15917,100000
15918,100000
15919,100000
15920,100000
15921,100000
15922,100000
15923,100000
15924,100000
15925,100000
15926,100000
15927,100000
15928,100000
15929,100000
15930,100000
15931,100000
15932,100000
15933,100000
15934,100000
15935,100000
15936,100000
15937,100000
15938,100000
15939,100000
15940,100000
15941,100000
15942,100000
15943,100000
15944,100000
15945,100000
15946,100000
15947,100000
15948,100000
15949,100000
15950,100000
15951,100000
15952,100000
15953,100000
15954,100000
15955,100000
15956,100000
15957,100000
15958,100000
15959,100000
15960,100000
15961,100000
15962,100000
15963,100000
15964,100000
15965,100000
15966,100000
15967,100000
15968,100000
15969,100000
15970,100000
15971,100000
15972,100000
15973,100000
15974,100000
15975,100000
15976,100000
15977,100000
15978,100000
15979,100000
15980,100000
15981,100000
15982,100000
15983,100000
15984,100000
15985,100000
15986,100000
15987,100000
15988,100000
15989,100000
15990,100000
15991,100000
15992,100000
15993,100000
15994,100000
15995,100000
15996,100000
15997,100000
15998,100000
15999,100000
16000,100000
16001,100000
16002,100000
16003,100000
16004,100000
16005,100000
16006,100000
16007,100000
16008,100000
16009,100000
16010,100000
16011,100000
16012,100000
16013,100000
16014,100000
16015,100000
16016,100000
16017,100000
16018,100000
16019,100000
16020,100000
16021,100000
16022,100000
16023,100000
16024,100000
16025,100000
16026,100000
16027,100000
16028,100000
16029,100000
16030,100000
16031,100000
16032,100000
16033,100000
16034,100000
16035,100000
16036,100000
16037,100000
16038,100000
16039,100000
16040,100000
16041,100000
16042,100000
16043,100000
16044,100000
16045,100000
16046,100000
16047,100000
16048,100000
16049,100000
16050,100000
16051,100000
16052,100000
16053,100000
16054,100000
16055,100000
16056,100000
16057,100000
16058,100000
16059,100000
16060,100000
16061,100000
16062,100000
16063,100000
16064,100000
16065,100000
16066,100000
16067,100000
16068,100000
16069,100000
16070,100000
16071,100000
16072,100000
16073,100000
16074,100000
16075,100000
16076,100000
16077,100000
16078,100000
16079,100000
16080,100000
16081,100000
16082,100000
16083,100000
16084,100000
16085,100000
16086,100000
16087,100000
16088,100000
16089,100000
16090,100000
16091,100000
16092,100000
16093,100000
16094,100000
16095,100000
16096,100000
16097,100000
16098,100000
16099,100000
16100,100000
16101,100000
16102,100000
16103,100000
16104,100000
16105,100000
16106,100000
16107,100000
16108,100000
16109,100000
16110,100000
16111,100000
16112,100000
16113,100000
16114,100000
16115,100000
16116,100000
16117,100000
16118,100000
16119,100000
16120,100000
16121,100000
16122,100000
16123,100000
16124,100000
16125,100000
16126,100000
16127,100000
16128,100000
16129,100000
16130,100000
16131,100000
16132,100000
16133,100000
16134,100000
16135,100000
16136,100000
16137,100000
16138,100000
16139,100000
16140,100000
16141,100000
16142,100000
16143,100000
16144,100000
16145,100000
16146,100000
16147,100000
16148,100000
16149,100000
16150,100000
16151,100000
16152,100000
16153,100000
16154,100000
16155,100000
16156,100000
16157,100000
16158,100000
16159,100000
16160,100000
16161,100000
16162,100000
16163,100000
16164,100000
16165,100000
16166,100000
16167,100000
16168,100000
16169,100000
16170,100000
16171,100000
16172,100000
16173,100000
16174,100000
16175,100000
16176,100000
16177,100000
16178,100000
16179,100000
16180,100000
16181,100000
16182,100000
16183,100000
16184,100000
16185,100000
16186,100000
16187,100000
16188,100000
16189,100000
16190,100000
16191,100000
16192,100000
16193,100000
16194,100000
16195,100000
16196,100000
16197,100000
16198,100000
16199,100000
16200,100000
16201,100000
16202,100000
16203,100000
16204,100000
16205,100000
16206,100000
16207,100000
16208,100000
16209,100000
16210,100000
16211,100000
16212,100000
16213,100000
16214,100000
16215,100000
16216,100000
16217,100000
16218,100000
16219,100000
16220,100000
16221,100000
16222,100000
16223,100000
16224,100000
16225,100000
16226,100000
16227,100000
16228,100000
16229,100000
16230,100000
16231,100000
16232,100000
16233,100000
16234,100000
16235,100000
16236,100000
16237,100000
16238,100000
16239,100000
16240,100000
16241,100000
16242,100000
16243,100000
16244,100000
16245,100000
16246,100000
16247,100000
16248,100000
16249,100000
16250,100000
16251,100000
16252,100000
16253,100000
16254,100000
16255,100000
16256,100000
16257,100000
16258,100000
16259,100000
16260,100000
16261,100000
16262,100000
16263,100000
16264,100000
16265,100000
16266,100000
16267,100000
16268,100000
16269,100000
16270,100000
16271,100000
16272,100000
16273,100000
16274,100000
16275,100000
16276,100000
16277,100000
16278,100000
16279,100000
16280,100000
16281,100000
16282,100000
16283,100000
16284,100000
16285,100000
16286,100000
16287,100000
16288,100000
16289,100000
16290,100000
16291,100000
16292,100000
16293,100000
16294,100000
16295,100000
16296,100000
16297,100000
16298,100000
16299,100000
16300,100000
16301,100000
16302,100000
16303,100000
16304,100000
16305,100000
16306,100000
16307,100000
16308,100000
16309,100000
16310,100000
16311,100000
16312,100000
16313,100000
16314,100000
16315,100000
16316,100000
16317,100000
16318,100000
16319,100000
16320,100000
16321,100000
16322,100000
16323,100000
16324,100000
16325,100000
16326,100000
16327,100000
16328,100000
16329,100000
16330,100000
16331,100000
16332,100000
16333,100000
16334,100000
16335,100000
16336,100000
16337,100000
16338,100000
16339,100000
16340,100000
16341,100000
16342,100000
16343,100000
16344,100000
16345,100000
16346,100000
16347,100000
16348,100000
16349,100000
16350,100000
16351,100000
16352,100000
16353,100000
16354,100000
16355,100000
16356,100000
16357,100000
16358,100000
16359,100000
16360,100000
16361,100000
16362,100000
16363,100000
16364,100000
16365,100000
16366,100000
16367,100000
16368,100000
16369,100000
16370,100000
16371,100000
16372,100000
16373,100000
16374,100000
16375,100000
16376,100000
16377,100000
16378,100000
16379,100000
16380,100000
16381,100000
16382,100000
16383,100000
16384,100000
16385,100000
16386,100000
16387,100000
16388,100000
16389,100000
16390,100000
16391,100000
16392,100000
16393,100000
16394,100000
16395,100000
16396,100000
16397,100000
16398,100000
16399,100000
16400,100000
16401,100000
16402,100000
16403,100000
16404,100000
16405,100000
16406,100000
16407,100000
16408,100000
16409,100000
16410,100000
16411,100000
16412,100000
16413,100000
16414,100000
16415,100000
16416,100000
16417,100000
16418,100000
16419,100000
16420,100000
16421,100000
16422,100000
16423,100000
16424,100000
16425,100000
16426,100000
16427,100000
16428,100000
16429,100000
16430,100000
16431,100000
16432,100000
16433,100000
16434,100000
16435,100000
16436,100000
16437,100000
16438,100000
16439,100000
16440,100000
16441,100000
16442,100000
16443,100000
16444,100000
16445,100000
16446,100000
16447,100000
16448,100000
16449,100000
16450,100000
16451,100000
16452,100000
16453,100000
16454,100000
16455,100000
16456,100000
16457,100000
16458,100000
16459,100000
16460,100000
16461,100000
16462,100000
16463,100000
16464,100000
16465,100000
16466,100000
16467,100000
16468,100000
16469,100000
16470,100000
16471,100000
16472,100000
16473,100000
16474,100000
16475,100000
16476,100000
16477,100000
16478,100000
16479,100000
16480,100000
16481,100000
16482,100000
16483,100000
16484,100000
16485,100000
16486,100000
16487,100000
16488,100000
16489,100000
16490,100000
16491,100000
16492,100000
16493,100000
16494,100000
16495,100000
16496,100000
16497,100000
16498,100000
16499,100000
16500,100000
16501,100000
16502,100000
16503,100000
16504,100000
16505,100000
16506,100000
16507,100000
16508,100000
16509,100000
16510,100000
16511,100000
16512,100000
16513,100000
16514,100000
16515,100000
16516,100000
16517,100000
16518,100000
16519,100000
16520,100000
16521,100000
16522,100000
16523,100000
16524,100000
16525,100000
16526,100000
16527,100000
16528,100000
16529,100000
16530,100000
16531,100000
16532,100000
16533,100000
16534,100000
16535,100000
16536,100000
16537,100000
16538,100000
16539,100000
16540,100000
16541,100000
16542,100000
16543,100000
16544,100000
16545,100000
16546,100000
16547,100000
16548,100000
16549,100000
16550,100000
16551,100000
16552,100000
16553,100000
16554,100000
16555,100000
16556,100000
16557,100000
16558,100000
16559,100000
16560,100000
16561,100000
16562,100000
16563,100000
16564,100000
16565,100000
16566,100000
16567,100000
16568,100000
16569,100000
16570,100000
16571,100000
16572,100000
16573,100000
16574,100000
16575,100000
16576,100000
16577,100000
16578,100000
16579,100000
16580,100000
16581,100000
16582,100000
16583,100000
16584,100000
16585,100000
16586,100000
16587,100000
16588,100000
16589,100000
16590,100000
16591,100000
16592,100000
16593,100000
16594,100000
16595,100000
16596,100000
16597,100000
16598,100000
16599,100000
16600,100000
16601,100000
16602,100000
16603,100000
16604,100000
16605,100000
16606,100000
16607,100000
16608,100000
16609,100000
16610,100000
16611,100000
16612,100000
16613,100000
16614,100000
16615,100000
16616,100000
16617,100000
16618,100000
16619,100000
16620,100000
16621,100000
16622,100000
16623,100000
16624,100000
16625,100000
16626,100000
16627,100000
16628,100000
16629,100000
16630,100000
16631,100000
16632,100000
16633,100000
16634,100000
16635,100000
16636,100000
16637,100000
16638,100000
16639,100000
16640,100000
16641,100000
16642,100000
16643,100000
16644,100000
16645,100000
16646,100000
16647,100000
16648,100000
16649,100000
16650,100000
16651,100000
16652,100000
16653,100000
16654,100000
16655,100000
16656,100000
16657,100000
16658,100000
16659,100000
16660,100000
16661,100000
16662,100000
16663,100000
16664,100000
16665,100000
16666,100000
16667,100000
16668,100000
16669,100000
16670,100000
16671,100000
16672,100000
16673,100000
16674,100000
16675,100000
16676,100000
16677,100000
16678,100000
16679,100000
16680,100000
16681,100000
16682,100000
16683,100000
16684,100000
16685,100000
16686,100000
16687,100000
16688,100000
16689,100000
16690,100000
16691,100000
16692,100000
16693,100000
16694,100000
16695,100000
16696,100000
16697,100000
16698,100000
16699,100000
16700,100000
16701,100000
16702,100000
16703,100000
16704,100000
16705,100000
16706,100000
16707,100000
16708,100000
16709,100000
16710,100000
16711,100000
16712,100000
16713,100000
16714,100000
16715,100000
16716,100000
16717,100000
16718,100000
16719,100000
16720,100000
16721,100000
16722,100000
16723,100000
16724,100000
16725,100000
16726,100000
16727,100000
16728,100000
16729,100000
16730,100000
16731,100000
16732,100000
16733,100000
16734,100000
16735,100000
16736,100000
16737,100000
16738,100000
16739,100000
16740,100000
16741,100000
16742,100000
16743,100000
16744,100000
16745,100000
16746,100000
16747,100000
16748,100000
16749,100000
16750,100000
16751,100000
16752,100000
16753,100000
16754,100000
16755,100000
16756,100000
16757,100000
16758,100000
16759,100000
16760,100000
16761,100000
16762,100000
16763,100000
16764,100000
16765,100000
16766,100000
16767,100000
16768,100000
16769,100000
16770,100000
16771,100000
16772,100000
16773,100000
16774,100000
16775,100000
16776,100000
16777,100000
16778,100000
16779,100000
16780,100000
16781,100000
16782,100000
16783,100000
16784,100000
16785,100000
16786,100000
16787,100000
16788,100000
16789,100000
16790,100000
16791,100000
16792,100000
16793,100000
16794,100000
16795,100000
16796,100000
16797,100000
16798,100000
16799,100000
16800,100000
16801,100000
16802,100000
16803,100000
16804,100000
16805,100000
16806,100000
16807,100000
16808,100000
16809,100000
16810,100000
16811,100000
16812,100000
16813,100000
16814,100000
16815,100000
16816,100000
16817,100000
16818,100000
16819,100000
16820,100000
16821,100000
16822,100000
16823,100000
16824,100000
16825,100000
16826,100000
16827,100000
16828,100000
16829,100000
16830,100000
16831,100000
16832,100000
16833,100000
16834,100000
16835,100000
16836,100000
16837,100000
16838,100000
16839,100000
16840,100000
16841,100000
16842,100000
16843,100000
16844,100000
16845,100000
16846,100000
16847,100000
16848,100000
16849,100000
16850,100000
16851,100000
16852,100000
16853,100000
16854,100000
16855,100000
16856,100000
16857,100000
16858,100000
16859,100000
16860,100000
16861,100000
16862,100000
16863,100000
16864,100000
16865,100000
16866,100000
16867,100000
16868,100000
16869,100000
16870,100000
16871,100000
16872,100000
16873,100000
16874,100000
16875,100000
16876,100000
16877,100000
16878,100000
16879,100000
16880,100000
16881,100000
16882,100000
16883,100000
16884,100000
16885,100000
16886,100000
16887,100000
16888,100000
16889,100000
16890,100000
16891,100000
16892,100000
16893,100000
16894,100000
16895,100000
16896,100000
16897,100000
16898,100000
16899,100000
16900,100000
16901,100000
16902,100000
16903,100000
16904,100000
16905,100000
16906,100000
16907,100000
16908,100000
16909,100000
16910,100000
16911,100000
16912,100000
16913,100000
16914,100000
16915,100000
16916,100000
16917,100000
16918,100000
16919,100000
16920,100000
16921,100000
16922,100000
16923,100000
16924,100000
16925,100000
16926,100000
16927,100000
16928,100000
16929,100000
16930,100000
16931,100000
16932,100000
16933,100000
16934,100000
16935,100000
16936,100000
16937,100000
16938,100000
16939,100000
16940,100000
16941,100000
16942,100000
16943,100000
16944,100000
16945,100000
16946,100000
16947,100000
16948,100000
16949,100000
16950,100000
16951,100000
16952,100000
16953,100000
16954,100000
16955,100000
16956,100000
16957,100000
16958,100000
16959,100000
16960,100000
16961,100000
16962,100000
16963,100000
16964,100000
16965,100000
16966,100000
16967,100000
16968,100000
16969,100000
16970,100000
16971,100000
16972,100000
16973,100000
16974,100000
16975,100000
16976,100000
16977,100000
16978,100000
16979,100000
16980,100000
16981,100000
16982,100000
16983,100000
16984,100000
16985,100000
16986,100000
16987,100000
16988,100000
16989,100000
16990,100000
16991,100000
16992,100000
16993,100000
16994,100000
16995,100000
16996,100000
16997,100000
16998,100000
16999,100000
17000,100000
17001,100000
17002,100000
17003,100000
17004,100000
17005,100000
17006,100000
17007,100000
17008,100000
17009,100000
17010,100000
17011,100000
17012,100000
17013,100000
17014,100000
17015,100000
17016,100000
17017,100000
17018,100000
17019,100000
17020,100000
17021,100000
17022,100000
17023,100000
17024,100000
17025,100000
17026,100000
17027,100000
17028,100000
17029,100000
17030,100000
17031,100000
17032,100000
17033,100000
17034,100000
17035,100000
17036,100000
17037,100000
17038,100000
17039,100000
17040,100000
17041,100000
17042,100000
17043,100000
17044,100000
17045,100000
17046,100000
17047,100000
17048,100000
17049,100000
17050,100000
17051,100000
17052,100000
17053,100000
17054,100000
17055,100000
17056,100000
17057,100000
17058,100000
17059,100000
17060,100000
17061,100000
17062,100000
17063,100000
17064,100000
17065,100000
17066,100000
17067,100000
17068,100000
17069,100000
17070,100000
17071,100000
17072,100000
17073,100000
17074,100000
17075,100000
17076,100000
17077,100000
17078,100000
17079,100000
17080,100000
17081,100000
17082,100000
17083,100000
17084,100000
17085,100000
17086,100000
17087,100000
17088,100000
17089,100000
17090,100000
17091,100000
17092,100000
17093,100000
17094,100000
17095,100000
17096,100000
17097,100000
17098,100000
17099,100000
17100,100000
17101,100000
17102,100000
17103,100000
17104,100000
17105,100000
17106,100000
17107,100000
17108,100000
17109,100000
17110,100000
17111,100000
17112,100000
17113,100000
17114,100000
17115,100000
17116,100000
17117,100000
17118,100000
17119,100000
17120,100000
17121,100000
17122,100000
17123,100000
17124,100000
17125,100000
17126,100000
17127,100000
17128,100000
17129,100000
17130,100000
17131,100000
17132,100000
17133,100000
17134,100000
17135,100000
17136,100000
17137,100000
17138,100000
17139,100000
17140,100000
17141,100000
17142,100000
17143,100000
17144,100000
17145,100000
17146,100000
17147,100000
17148,100000
17149,100000
17150,100000
17151,100000
17152,100000
17153,100000
17154,100000
17155,100000
17156,100000
17157,100000
17158,100000
17159,100000
17160,100000
17161,100000
17162,100000
17163,100000
17164,100000
17165,100000
17166,100000
17167,100000
17168,100000
17169,100000
17170,100000
17171,100000
17172,100000
17173,100000
17174,100000
17175,100000
17176,100000
17177,100000
17178,100000
17179,100000
17180,100000
17181,100000
17182,100000
17183,100000
17184,100000
17185,100000
17186,100000
17187,100000
17188,100000
17189,100000
17190,100000
17191,100000
17192,100000
17193,100000
17194,100000
17195,100000
17196,100000
17197,100000
17198,100000
17199,100000
17200,100000
17201,100000
17202,100000
17203,100000
17204,100000
17205,100000
17206,100000
17207,100000
17208,100000
17209,100000
17210,100000
17211,100000
17212,100000
17213,100000
17214,100000
17215,100000
17216,100000
17217,100000
17218,100000
17219,100000
17220,100000
17221,100000
17222,100000
17223,100000
17224,100000
17225,100000
17226,100000
17227,100000
17228,100000
17229,100000
17230,100000
17231,100000
17232,100000
17233,100000
17234,100000
17235,100000
17236,100000
17237,100000
17238,100000
17239,100000
17240,100000
17241,100000
17242,100000
17243,100000
17244,100000
17245,100000
17246,100000
17247,100000
17248,100000
17249,100000
17250,100000
17251,100000
17252,100000
17253,100000
17254,100000
17255,100000
17256,100000
17257,100000
17258,100000
17259,100000
17260,100000
17261,100000
17262,100000
17263,100000
17264,100000
17265,100000
17266,100000
17267,100000
17268,100000
17269,100000
17270,100000
17271,100000
17272,100000
17273,100000
17274,100000
17275,100000
17276,100000
17277,100000
17278,100000
17279,100000
17280,100000
17281,100000
17282,100000
17283,100000
17284,100000
17285,100000
17286,100000
17287,100000
17288,100000
17289,100000
17290,100000
17291,100000
17292,100000
17293,100000
17294,100000
17295,100000
17296,100000
17297,100000
17298,100000
17299,100000
17300,100000
17301,100000
17302,100000
17303,100000
17304,100000
17305,100000
17306,100000
17307,100000
17308,100000
17309,100000
17310,100000
17311,100000
17312,100000
17313,100000
17314,100000
17315,100000
17316,100000
17317,100000
17318,100000
17319,100000
17320,100000
17321,100000
17322,100000
17323,100000
17324,100000
17325,100000
17326,100000
17327,100000
17328,100000
17329,100000
17330,100000
17331,100000
17332,100000
17333,100000
17334,100000
17335,100000
17336,100000
17337,100000
17338,100000
17339,100000
17340,100000
17341,100000
17342,100000
17343,100000
17344,100000
17345,100000
17346,100000
17347,100000
17348,100000
17349,100000
17350,100000
17351,100000
17352,100000
17353,100000
17354,100000
17355,100000
17356,100000
17357,100000
17358,100000
17359,100000
17360,100000
17361,100000
17362,100000
17363,100000
17364,100000
17365,100000
17366,100000
17367,100000
17368,100000
17369,100000
17370,100000
17371,100000
17372,100000
17373,100000
17374,100000
17375,100000
17376,100000
17377,100000
17378,100000
17379,100000
17380,100000
17381,100000
17382,100000
17383,100000
17384,100000
17385,100000
17386,100000
17387,100000
17388,100000
17389,100000
17390,100000
17391,100000
17392,100000
17393,100000
17394,100000
17395,100000
17396,100000
17397,100000
17398,100000
17399,100000
17400,100000
17401,100000
17402,100000
17403,100000
17404,100000
17405,100000
17406,100000
17407,100000
17408,100000
17409,100000
17410,100000
17411,100000
17412,100000
17413,100000
17414,100000
17415,100000
17416,100000
17417,100000
17418,100000
17419,100000
17420,100000
17421,100000
17422,100000
17423,100000
17424,100000
17425,100000
17426,100000
17427,100000
17428,100000
17429,100000
17430,100000
17431,100000
17432,100000
17433,100000
17434,100000
17435,100000
17436,100000
17437,100000
17438,100000
17439,100000
17440,100000
17441,100000
17442,100000
17443,100000
17444,100000
17445,100000
17446,100000
17447,100000
17448,100000
17449,100000
17450,100000
17451,100000
17452,100000
17453,100000
17454,100000
17455,100000
17456,100000
17457,100000
17458,100000
17459,100000
17460,100000
17461,100000
17462,100000
17463,100000
17464,100000
17465,100000
17466,100000
17467,100000
17468,100000
17469,100000
17470,100000
17471,100000
17472,100000
17473,100000
17474,100000
17475,100000
17476,100000
17477,100000
17478,100000
17479,100000
17480,100000
17481,100000
17482,100000
17483,100000
17484,100000
17485,100000
17486,100000
17487,100000
17488,100000
17489,100000
17490,100000
17491,100000
17492,100000
17493,100000
17494,100000
17495,100000
17496,100000
17497,100000
17498,100000
17499,100000
17500,100000
17501,100000
17502,100000
17503,100000
17504,100000
17505,100000
17506,100000
17507,100000
17508,100000
17509,100000
17510,100000
17511,100000
17512,100000
17513,100000
17514,100000
17515,100000
17516,100000
17517,100000
17518,100000
17519,100000
17520,100000
17521,100000
17522,100000
17523,100000
17524,100000
17525,100000
17526,100000
17527,100000
17528,100000
17529,100000
17530,100000
17531,100000
17532,100000
17533,100000
17534,100000
17535,100000
17536,100000
17537,100000
17538,100000
17539,100000
17540,100000
17541,100000
17542,100000
17543,100000
17544,100000
17545,100000
17546,100000
17547,100000
17548,100000
17549,100000
17550,100000
17551,100000
17552,100000
17553,100000
17554,100000
17555,100000
17556,100000
17557,100000
17558,100000
17559,100000
17560,100000
17561,100000
17562,100000
17563,100000
17564,100000
17565,100000
17566,100000
17567,100000
17568,100000
17569,100000
17570,100000
17571,100000
17572,100000
17573,100000
17574,100000
17575,100000
17576,100000
17577,100000
17578,100000
17579,100000
17580,100000
17581,100000
17582,100000
17583,100000
17584,100000
17585,100000
17586,100000
17587,100000
17588,100000
17589,100000
17590,100000
17591,100000
17592,100000
17593,100000
17594,100000
17595,100000
17596,100000
17597,100000
17598,100000
17599,100000
17600,100000
17601,100000
17602,100000
17603,100000
17604,100000
17605,100000
17606,100000
17607,100000
17608,100000
17609,100000
17610,100000
17611,100000
17612,100000
17613,100000
17614,100000
17615,100000
17616,100000
17617,100000
17618,100000
17619,100000
17620,100000
17621,100000
17622,100000
17623,100000
17624,100000
17625,100000
17626,100000
17627,100000
17628,100000
17629,100000
17630,100000
17631,100000
17632,100000
17633,100000
17634,100000
17635,100000
17636,100000
17637,100000
17638,100000
17639,100000
17640,100000
17641,100000
17642,100000
17643,100000
17644,100000
17645,100000
17646,100000
17647,100000
17648,100000
17649,100000
17650,100000
17651,100000
17652,100000
17653,100000
17654,100000
17655,100000
17656,100000
17657,100000
17658,100000
17659,100000
17660,100000
17661,100000
17662,100000
17663,100000
17664,100000
17665,100000
17666,100000
17667,100000
17668,100000
17669,100000
17670,100000
17671,100000
17672,100000
17673,100000
17674,100000
17675,100000
17676,100000
17677,100000
17678,100000
17679,100000
17680,100000
17681,100000
17682,100000
17683,100000
17684,100000
17685,100000
17686,100000
17687,100000
17688,100000
17689,100000
17690,100000
17691,100000
17692,100000
17693,100000
17694,100000
17695,100000
17696,100000
17697,100000
17698,100000
17699,100000
17700,100000
17701,100000
17702,100000
17703,100000
17704,100000
17705,100000
17706,100000
17707,100000
17708,100000
17709,100000
17710,100000
17711,100000
17712,100000
17713,100000
17714,100000
17715,100000
17716,100000
17717,100000
17718,100000
17719,100000
17720,100000
17721,100000
17722,100000
17723,100000
17724,100000
17725,100000
17726,100000
17727,100000
17728,100000
17729,100000
17730,100000
17731,100000
17732,100000
17733,100000
17734,100000
17735,100000
17736,100000
17737,100000
17738,100000
17739,100000
17740,100000
17741,100000
17742,100000
17743,100000
17744,100000
17745,100000
17746,100000
17747,100000
17748,100000
17749,100000
17750,100000
17751,100000
17752,100000
17753,100000
17754,100000
17755,100000
17756,100000
17757,100000
17758,100000
17759,100000
17760,100000
17761,100000
17762,100000
17763,100000
17764,100000
17765,100000
17766,100000
17767,100000
17768,100000
17769,100000
17770,100000
17771,100000
17772,100000
17773,100000
17774,100000
17775,100000
17776,100000
17777,100000
17778,100000
17779,100000
17780,100000
17781,100000
17782,100000
17783,100000
17784,100000
17785,100000
17786,100000
17787,100000
17788,100000
17789,100000
17790,100000
17791,100000
17792,100000
17793,100000
17794,100000
17795,100000
17796,100000
17797,100000
17798,100000
17799,100000
17800,100000
17801,100000
17802,100000
17803,100000
17804,100000
17805,100000
17806,100000
17807,100000
17808,100000
17809,100000
17810,100000
17811,100000
17812,100000
17813,100000
17814,100000
17815,100000
17816,100000
17817,100000
17818,100000
17819,100000
17820,100000
17821,100000
17822,100000
17823,100000
17824,100000
17825,100000
17826,100000
17827,100000
17828,100000
17829,100000
17830,100000
17831,100000
17832,100000
17833,100000
17834,100000
17835,100000
17836,100000
17837,100000
17838,100000
17839,100000
17840,100000
17841,100000
17842,100000
17843,100000
17844,100000
17845,100000
17846,100000
17847,100000
17848,100000
17849,100000
17850,100000
17851,100000
17852,100000
17853,100000
17854,100000
17855,100000
17856,100000
17857,100000
17858,100000
17859,100000
17860,100000
17861,100000
17862,100000
17863,100000
17864,100000
17865,100000
17866,100000
17867,100000
17868,100000
17869,100000
17870,100000
17871,100000
17872,100000
17873,100000
17874,100000
17875,100000
17876,100000
17877,100000
17878,100000
17879,100000
17880,100000
17881,100000
17882,100000
17883,100000
17884,100000
17885,100000
17886,100000
17887,100000
17888,100000
17889,100000
17890,100000
17891,100000
17892,100000
17893,100000
17894,100000
17895,100000
17896,100000
17897,100000
17898,100000
17899,100000
17900,100000
17901,100000
17902,100000
17903,100000
17904,100000
17905,100000
17906,100000
17907,100000
17908,100000
17909,100000
17910,100000
17911,100000
17912,100000
17913,100000
17914,100000
17915,100000
17916,100000
17917,100000
17918,100000
17919,100000
17920,100000
17921,100000
17922,100000
17923,100000
17924,100000
17925,100000
17926,100000
17927,100000
17928,100000
17929,100000
17930,100000
17931,100000
17932,100000
17933,100000
17934,100000
17935,100000
17936,100000
17937,100000
17938,100000
17939,100000
17940,100000
17941,100000
17942,100000
17943,100000
17944,100000
17945,100000
17946,100000
17947,100000
17948,100000
17949,100000
17950,100000
17951,100000
17952,100000
17953,100000
17954,100000
17955,100000
17956,100000
17957,100000
17958,100000
17959,100000
17960,100000
17961,100000
17962,100000
17963,100000
17964,100000
17965,100000
17966,100000
17967,100000
17968,100000
17969,100000
17970,100000
17971,100000
17972,100000
17973,100000
17974,100000
17975,100000
17976,100000
17977,100000
17978,100000
17979,100000
17980,100000
17981,100000
17982,100000
17983,100000
17984,100000
17985,100000
17986,100000
17987,100000
17988,100000
17989,100000
17990,100000
17991,100000
17992,100000
17993,100000
17994,100000
17995,100000
17996,100000
17997,100000
17998,100000
17999,100000
18000,100000
18001,100000
18002,100000
18003,100000
18004,100000
18005,100000
18006,100000
18007,100000
18008,100000
18009,100000
18010,100000
18011,100000
18012,100000
18013,100000
18014,100000
18015,100000
18016,100000
18017,100000
18018,100000
18019,100000
18020,100000
18021,100000
18022,100000
18023,100000
18024,100000
18025,100000
18026,100000
18027,100000
18028,100000
18029,100000
18030,100000
18031,100000
18032,100000
18033,100000
18034,100000
18035,100000
18036,100000
18037,100000
18038,100000
18039,100000
18040,100000
18041,100000
18042,100000
18043,100000
18044,100000
18045,100000
18046,100000
18047,100000
18048,100000
18049,100000
18050,100000
18051,100000
18052,100000
18053,100000
18054,100000
18055,100000
18056,100000
18057,100000
18058,100000
18059,100000
18060,100000
18061,100000
18062,100000
18063,100000
18064,100000
18065,100000
18066,100000
18067,100000
18068,100000
18069,100000
18070,100000
18071,100000
18072,100000
18073,100000
18074,100000
18075,100000
18076,100000
18077,100000
18078,100000
18079,100000
18080,100000
18081,100000
18082,100000
18083,100000
18084,100000
18085,100000
18086,100000
18087,100000
18088,100000
18089,100000
18090,100000
18091,100000
18092,100000
18093,100000
18094,100000
18095,100000
18096,100000
18097,100000
18098,100000
18099,100000
18100,100000
18101,100000
18102,100000
18103,100000
18104,100000
18105,100000
18106,100000
18107,100000
18108,100000
18109,100000
18110,100000
18111,100000
18112,100000
18113,100000
18114,100000
18115,100000
18116,100000
18117,100000
18118,100000
18119,100000
18120,100000
18121,100000
18122,100000
18123,100000
18124,100000
18125,100000
18126,100000
18127,100000
18128,100000
18129,100000
18130,100000
18131,100000
18132,100000
18133,100000
18134,100000
18135,100000
18136,100000
18137,100000
18138,100000
18139,100000
18140,100000
18141,100000
18142,100000
18143,100000
18144,100000
18145,100000
18146,100000
18147,100000
18148,100000
18149,100000
18150,100000
18151,100000
18152,100000
18153,100000
18154,100000
18155,100000
18156,100000
18157,100000
18158,100000
18159,100000
18160,100000
18161,100000
18162,100000
18163,100000
18164,100000
18165,100000
18166,100000
18167,100000
18168,100000
18169,100000
18170,100000
18171,100000
18172,100000
18173,100000
18174,100000
18175,100000
18176,100000
18177,100000
18178,100000
18179,100000
18180,100000
18181,100000
18182,100000
18183,100000
18184,100000
18185,100000
18186,100000
18187,100000
18188,100000
18189,100000
18190,100000
18191,100000
18192,100000
18193,100000
18194,100000
18195,100000
18196,100000
18197,100000
18198,100000
18199,100000
18200,100000
18201,100000
18202,100000
18203,100000
18204,100000
18205,100000
18206,100000
18207,100000
18208,100000
18209,100000
18210,100000
18211,100000
18212,100000
18213,100000
18214,100000
18215,100000
18216,100000
18217,100000
18218,100000
18219,100000
18220,100000
18221,100000
18222,100000
18223,100000
18224,100000
18225,100000
18226,100000
18227,100000
18228,100000
18229,100000
18230,100000
18231,100000
18232,100000
18233,100000
18234,100000
18235,100000
18236,100000
18237,100000
18238,100000
18239,100000
18240,100000
18241,100000
18242,100000
18243,100000
18244,100000
18245,100000
18246,100000
18247,100000
18248,100000
18249,100000
18250,100000
18251,100000
18252,100000
18253,100000
18254,100000
18255,100000
18256,100000
18257,100000
18258,100000
18259,100000
18260,100000
18261,100000
18262,100000
18263,100000
18264,100000
18265,100000
18266,100000
18267,100000
18268,100000
18269,100000
18270,100000
18271,100000
18272,100000
18273,100000
18274,100000
18275,100000
18276,100000
18277,100000
18278,100000
18279,100000
18280,100000
18281,100000
18282,100000
18283,100000
18284,100000
18285,100000
18286,100000
18287,100000
18288,100000
18289,100000
18290,100000
18291,100000
18292,100000
18293,100000
18294,100000
18295,100000
18296,100000
18297,100000
18298,100000
18299,100000
18300,100000
18301,100000
18302,100000
18303,100000
18304,100000
18305,100000
18306,100000
18307,100000
18308,100000
18309,100000
18310,100000
18311,100000
18312,100000
18313,100000
18314,100000
18315,100000
18316,100000
18317,100000
18318,100000
18319,100000
18320,100000
18321,100000
18322,100000
18323,100000
18324,100000
18325,100000
18326,100000
18327,100000
18328,100000
18329,100000
18330,100000
18331,100000
18332,100000
18333,100000
18334,100000
18335,100000
18336,100000
18337,100000
18338,100000
18339,100000
18340,100000
18341,100000
18342,100000
18343,100000
18344,100000
18345,100000
18346,100000
18347,100000
18348,100000
18349,100000
18350,100000
18351,100000
18352,100000
18353,100000
18354,100000
18355,100000
18356,100000
18357,100000
18358,100000
18359,100000
18360,100000
18361,100000
18362,100000
18363,100000
18364,100000
18365,100000
18366,100000
18367,100000
18368,100000
18369,100000
18370,100000
18371,100000
18372,100000
18373,100000
18374,100000
18375,100000
18376,100000
18377,100000
18378,100000
18379,100000
18380,100000
18381,100000
18382,100000
18383,100000
18384,100000
18385,100000
18386,100000
18387,100000
18388,100000
18389,100000
18390,100000
18391,100000
18392,100000
18393,100000
18394,100000
18395,100000
18396,100000
18397,100000
18398,100000
18399,100000
18400,100000
18401,100000
18402,100000
18403,100000
18404,100000
18405,100000
18406,100000
18407,100000
18408,100000
18409,100000
18410,100000
18411,100000
18412,100000
18413,100000
18414,100000
18415,100000
18416,100000
18417,100000
18418,100000
18419,100000
18420,100000
18421,100000
18422,100000
18423,100000
18424,100000
18425,100000
18426,100000
18427,100000
18428,100000
18429,100000
18430,100000
18431,100000
18432,100000
18433,100000
18434,100000
18435,100000
18436,100000
18437,100000
18438,100000
18439,100000
18440,100000
18441,100000
18442,100000
18443,100000
18444,100000
18445,100000
18446,100000
18447,100000
18448,100000
18449,100000
18450,100000
18451,100000
18452,100000
18453,100000
18454,100000
18455,100000
18456,100000
18457,100000
18458,100000
18459,100000
18460,100000
18461,100000
18462,100000
18463,100000
18464,100000
18465,100000
18466,100000
18467,100000
18468,100000
18469,100000
18470,100000
18471,100000
18472,100000
18473,100000
18474,100000
18475,100000
18476,100000
18477,100000
18478,100000
18479,100000
18480,100000
18481,100000
18482,100000
18483,100000
18484,100000
18485,100000
18486,100000
18487,100000
18488,100000
18489,100000
18490,100000
18491,100000
18492,100000
18493,100000
18494,100000
18495,100000
18496,100000
18497,100000
18498,100000
18499,100000
18500,100000
18501,100000
18502,100000
18503,100000
18504,100000
18505,100000
18506,100000
18507,100000
18508,100000
18509,100000
18510,100000
18511,100000
18512,100000
18513,100000
18514,100000
18515,100000
18516,100000
18517,100000
18518,100000
18519,100000
18520,100000
18521,100000
18522,100000
18523,100000
18524,100000
18525,100000
18526,100000
18527,100000
18528,100000
18529,100000
18530,100000
18531,100000
18532,100000
18533,100000
18534,100000
18535,100000
18536,100000
18537,100000
18538,100000
18539,100000
18540,100000
18541,100000
18542,100000
18543,100000
18544,100000
18545,100000
18546,100000
18547,100000
18548,100000
18549,100000
18550,100000
18551,100000
18552,100000
18553,100000
18554,100000
18555,100000
18556,100000
18557,100000
18558,100000
18559,100000
18560,100000
18561,100000
18562,100000
18563,100000
18564,100000
18565,100000
18566,100000
18567,100000
18568,100000
18569,100000
18570,100000
18571,100000
18572,100000
18573,100000
18574,100000
18575,100000
18576,100000
18577,100000
18578,100000
18579,100000
18580,100000
18581,100000
18582,100000
18583,100000
18584,100000
18585,100000
18586,100000
18587,100000
18588,100000
18589,100000
18590,100000
18591,100000
18592,100000
18593,100000
18594,100000
18595,100000
18596,100000
18597,100000
18598,100000
18599,100000
18600,100000
18601,100000
18602,100000
18603,100000
18604,100000
18605,100000
18606,100000
18607,100000
18608,100000
18609,100000
18610,100000
18611,100000
18612,100000
18613,100000
18614,100000
18615,100000
18616,100000
18617,100000
18618,100000
18619,100000
18620,100000
18621,100000
18622,100000
18623,100000
18624,100000
18625,100000
18626,100000
18627,100000
18628,100000
18629,100000
18630,100000
18631,100000
18632,100000
18633,100000
18634,100000
18635,100000
18636,100000
18637,100000
18638,100000
18639,100000
18640,100000
18641,100000
18642,100000
18643,100000
18644,100000
18645,100000
18646,100000
18647,100000
18648,100000
18649,100000
18650,100000
18651,100000
18652,100000
18653,100000
18654,100000
18655,100000
18656,100000
18657,100000
18658,100000
18659,100000
18660,100000
18661,100000
18662,100000
18663,100000
18664,100000
18665,100000
18666,100000
18667,100000
18668,100000
18669,100000
18670,100000
18671,100000
18672,100000
18673,100000
18674,100000
18675,100000
18676,100000
18677,100000
18678,100000
18679,100000
18680,100000
18681,100000
18682,100000
18683,100000
18684,100000
18685,100000
18686,100000
18687,100000
18688,100000
18689,100000
18690,100000
18691,100000
18692,100000
18693,100000
18694,100000
18695,100000
18696,100000
18697,100000
18698,100000
18699,100000
18700,100000
18701,100000
18702,100000
18703,100000
18704,100000
18705,100000
18706,100000
18707,100000
18708,100000
18709,100000
18710,100000
18711,100000
18712,100000
18713,100000
18714,100000
18715,100000
18716,100000
18717,100000
18718,100000
18719,100000
18720,100000
18721,100000
18722,100000
18723,100000
18724,100000
18725,100000
18726,100000
18727,100000
18728,100000
18729,100000
18730,100000
18731,100000
18732,100000
18733,100000
18734,100000
18735,100000
18736,100000
18737,100000
18738,100000
18739,100000
18740,100000
18741,100000
18742,100000
18743,100000
18744,100000
18745,100000
18746,100000
18747,100000
18748,100000
18749,100000
18750,100000
18751,100000
18752,100000
18753,100000
18754,100000
18755,100000
18756,100000
18757,100000
18758,100000
18759,100000
18760,100000
18761,100000
18762,100000
18763,100000
18764,100000
18765,100000
18766,100000
18767,100000
18768,100000
18769,100000
18770,100000
18771,100000
18772,100000
18773,100000
18774,100000
18775,100000
18776,100000
18777,100000
18778,100000
18779,100000
18780,100000
18781,100000
18782,100000
18783,100000
18784,100000
18785,100000
18786,100000
18787,100000
18788,100000
18789,100000
18790,100000
18791,100000
18792,100000
18793,100000
18794,100000
18795,100000
18796,100000
18797,100000
18798,100000
18799,100000
18800,100000
18801,100000
18802,100000
18803,100000
18804,100000
18805,100000
18806,100000
18807,100000
18808,100000
18809,100000
18810,100000
18811,100000
18812,100000
18813,100000
18814,100000
18815,100000
18816,100000
18817,100000
18818,100000
18819,100000
18820,100000
18821,100000
18822,100000
18823,100000
18824,100000
18825,100000
18826,100000
18827,100000
18828,100000
18829,100000
18830,100000
18831,100000
18832,100000
18833,100000
18834,100000
18835,100000
18836,100000
18837,100000
18838,100000
18839,100000
18840,100000
18841,100000
18842,100000
18843,100000
18844,100000
18845,100000
18846,100000
18847,100000
18848,100000
18849,100000
18850,100000
18851,100000
18852,100000
18853,100000
18854,100000
18855,100000
18856,100000
18857,100000
18858,100000
18859,100000
18860,100000
18861,100000
18862,100000
18863,100000
18864,100000
18865,100000
18866,100000
18867,100000
18868,100000
18869,100000
18870,100000
18871,100000
18872,100000
18873,100000
18874,100000
18875,100000
18876,100000
18877,100000
18878,100000
18879,100000
18880,100000
18881,100000
18882,100000
18883,100000
18884,100000
18885,100000
18886,100000
18887,100000
18888,100000
18889,100000
18890,100000
18891,100000
18892,100000
18893,100000
18894,100000
18895,100000
18896,100000
18897,100000
18898,100000
18899,100000
18900,100000
18901,100000
18902,100000
18903,100000
18904,100000
18905,100000
18906,100000
18907,100000
18908,100000
18909,100000
18910,100000
18911,100000
18912,100000
18913,100000
18914,100000
18915,100000
18916,100000
18917,100000
18918,100000
18919,100000
18920,100000
18921,100000
18922,100000
18923,100000
18924,100000
18925,100000
18926,100000
18927,100000
18928,100000
18929,100000
18930,100000
18931,100000
18932,100000
18933,100000
18934,100000
18935,100000
18936,100000
18937,100000
18938,100000
18939,100000
18940,100000
18941,100000
18942,100000
18943,100000
18944,100000
18945,100000
18946,100000
18947,100000
18948,100000
18949,100000
18950,100000
18951,100000
18952,100000
18953,100000
18954,100000
18955,100000
18956,100000
18957,100000
18958,100000
18959,100000
18960,100000
18961,100000
18962,100000
18963,100000
18964,100000
18965,100000
18966,100000
18967,100000
18968,100000
18969,100000
18970,100000
18971,100000
18972,100000
18973,100000
18974,100000
18975,100000
18976,100000
18977,100000
18978,100000
18979,100000
18980,100000
18981,100000
18982,100000
18983,100000
18984,100000
18985,100000
18986,100000
18987,100000
18988,100000
18989,100000
18990,100000
18991,100000
18992,100000
18993,100000
18994,100000
18995,100000
18996,100000
18997,100000
18998,100000
18999,100000
19000,100000
19001,100000
19002,100000
19003,100000
19004,100000
19005,100000
19006,100000
19007,100000
19008,100000
19009,100000
19010,100000
19011,100000
19012,100000
19013,100000
19014,100000
19015,100000
19016,100000
19017,100000
19018,100000
19019,100000
19020,100000
19021,100000
19022,100000
19023,100000
19024,100000
19025,100000
19026,100000
19027,100000
19028,100000
19029,100000
19030,100000
19031,100000
19032,100000
19033,100000
19034,100000
19035,100000
19036,100000
19037,100000
19038,100000
19039,100000
19040,100000
19041,100000
19042,100000
19043,100000
19044,100000
19045,100000
19046,100000
19047,100000
19048,100000
19049,100000
19050,100000
19051,100000
19052,100000
19053,100000
19054,100000
19055,100000
19056,100000
19057,100000
19058,100000
19059,100000
19060,100000
19061,100000
19062,100000
19063,100000
19064,100000
19065,100000
19066,100000
19067,100000
19068,100000
19069,100000
19070,100000
19071,100000
19072,100000
19073,100000
19074,100000
19075,100000
19076,100000
19077,100000
19078,100000
19079,100000
19080,100000
19081,100000
19082,100000
19083,100000
19084,100000
19085,100000
19086,100000
19087,100000
19088,100000
19089,100000
19090,100000
19091,100000
19092,100000
19093,100000
19094,100000
19095,100000
19096,100000
19097,100000
19098,100000
19099,100000
19100,100000
19101,100000
19102,100000
19103,100000
19104,100000
19105,100000
19106,100000
19107,100000
19108,100000
19109,100000
19110,100000
19111,100000
19112,100000
19113,100000
19114,100000
19115,100000
19116,100000
19117,100000
19118,100000
19119,100000
19120,100000
19121,100000
19122,100000
19123,100000
19124,100000
19125,100000
19126,100000
19127,100000
19128,100000
19129,100000
19130,100000
19131,100000
19132,100000
19133,100000
19134,100000
19135,100000
19136,100000
19137,100000
19138,100000
19139,100000
19140,100000
19141,100000
19142,100000
19143,100000
19144,100000
19145,100000
19146,100000
19147,100000
19148,100000
19149,100000
19150,100000
19151,100000
19152,100000
19153,100000
19154,100000
19155,100000
19156,100000
19157,100000
19158,100000
19159,100000
19160,100000
19161,100000
19162,100000
19163,100000
19164,100000
19165,100000
19166,100000
19167,100000
19168,100000
19169,100000
19170,100000
19171,100000
19172,100000
19173,100000
19174,100000
19175,100000
19176,100000
19177,100000
19178,100000
19179,100000
19180,100000
19181,100000
19182,100000
19183,100000
19184,100000
19185,100000
19186,100000
19187,100000
19188,100000
19189,100000
19190,100000
19191,100000
19192,100000
19193,100000
19194,100000
19195,100000
19196,100000
19197,100000
19198,100000
19199,100000
19200,100000
19201,100000
19202,100000
19203,100000
19204,100000
19205,100000
19206,100000
19207,100000
19208,100000
19209,100000
19210,100000
19211,100000
19212,100000
19213,100000
19214,100000
19215,100000
19216,100000
19217,100000
19218,100000
19219,100000
19220,100000
19221,100000
19222,100000
19223,100000
19224,100000
19225,100000
19226,100000
19227,100000
19228,100000
19229,100000
19230,100000
19231,100000
19232,100000
19233,100000
19234,100000
19235,100000
19236,100000
19237,100000
19238,100000
19239,100000
19240,100000
19241,100000
19242,100000
19243,100000
19244,100000
19245,100000
19246,100000
19247,100000
19248,100000
19249,100000
19250,100000
19251,100000
19252,100000
19253,100000
19254,100000
19255,100000
19256,100000
19257,100000
19258,100000
19259,100000
19260,100000
19261,100000
19262,100000
19263,100000
19264,100000
19265,100000
19266,100000
19267,100000
19268,100000
19269,100000
19270,100000
19271,100000
19272,100000
19273,100000
19274,100000
19275,100000
19276,100000
19277,100000
19278,100000
19279,100000
19280,100000
19281,100000
19282,100000
19283,100000
19284,100000
19285,100000
19286,100000
19287,100000
19288,100000
19289,100000
19290,100000
19291,100000
19292,100000
19293,100000
19294,100000
19295,100000
19296,100000
19297,100000
19298,100000
19299,100000
19300,100000
19301,100000
19302,100000
19303,100000
19304,100000
19305,100000
19306,100000
19307,100000
19308,100000
19309,100000
19310,100000
19311,100000
19312,100000
19313,100000
19314,100000
19315,100000
19316,100000
19317,100000
19318,100000
19319,100000
19320,100000
19321,100000
19322,100000
19323,100000
19324,100000
19325,100000
19326,100000
19327,100000
19328,100000
19329,100000
19330,100000
19331,100000
19332,100000
19333,100000
19334,100000
19335,100000
19336,100000
19337,100000
19338,100000
19339,100000
19340,100000
19341,100000
19342,100000
19343,100000
19344,100000
19345,100000
19346,100000
19347,100000
19348,100000
19349,100000
19350,100000
19351,100000
19352,100000
19353,100000
19354,100000
19355,100000
19356,100000
19357,100000
19358,100000
19359,100000
19360,100000
19361,100000
19362,100000
19363,100000
19364,100000
19365,100000
19366,100000
19367,100000
19368,100000
19369,100000
19370,100000
19371,100000
19372,100000
19373,100000
19374,100000
19375,100000
19376,100000
19377,100000
19378,100000
19379,100000
19380,100000
19381,100000
19382,100000
19383,100000
19384,100000
19385,100000
19386,100000
19387,100000
19388,100000
19389,100000
19390,100000
19391,100000
19392,100000
19393,100000
19394,100000
19395,100000
19396,100000
19397,100000
19398,100000
19399,100000
19400,100000
19401,100000
19402,100000
19403,100000
19404,100000
19405,100000
19406,100000
19407,100000
19408,100000
19409,100000
19410,100000
19411,100000
19412,100000
19413,100000
19414,100000
19415,100000
19416,100000
19417,100000
19418,100000
19419,100000
19420,100000
19421,100000
19422,100000
19423,100000
19424,100000
19425,100000
19426,100000
19427,100000
19428,100000
19429,100000
19430,100000
19431,100000
19432,100000
19433,100000
19434,100000
19435,100000
19436,100000
19437,100000
19438,100000
19439,100000
19440,100000
19441,100000
19442,100000
19443,100000
19444,100000
19445,100000
19446,100000
19447,100000
19448,100000
19449,100000
19450,100000
19451,100000
19452,100000
19453,100000
19454,100000
19455,100000
19456,100000
19457,100000
19458,100000
19459,100000
19460,100000
19461,100000
19462,100000
19463,100000
19464,100000
19465,100000
19466,100000
19467,100000
19468,100000
19469,100000
19470,100000
19471,100000
19472,100000
19473,100000
19474,100000
19475,100000
19476,100000
19477,100000
19478,100000
19479,100000
19480,100000
19481,100000
19482,100000
19483,100000
19484,100000
19485,100000
19486,100000
19487,100000
19488,100000
19489,100000
19490,100000
19491,100000
19492,100000
19493,100000
19494,100000
19495,100000
19496,100000
19497,100000
19498,100000
19499,100000
19500,100000
19501,100000
19502,100000
19503,100000
19504,100000
19505,100000
19506,100000
19507,100000
19508,100000
19509,100000
19510,100000
19511,100000
19512,100000
19513,100000
19514,100000
19515,100000
19516,100000
19517,100000
19518,100000
19519,100000
19520,100000
19521,100000
19522,100000
19523,100000
19524,100000
19525,100000
19526,100000
19527,100000
19528,100000
19529,100000
19530,100000
19531,100000
19532,100000
19533,100000
19534,100000
19535,100000
19536,100000
19537,100000
19538,100000
19539,100000
19540,100000
19541,100000
19542,100000
19543,100000
19544,100000
19545,100000
19546,100000
19547,100000
19548,100000
19549,100000
19550,100000
19551,100000
19552,100000
19553,100000
19554,100000
19555,100000
19556,100000
19557,100000
19558,100000
19559,100000
19560,100000
19561,100000
19562,100000
19563,100000
19564,100000
19565,100000
19566,100000
19567,100000
19568,100000
19569,100000
19570,100000
19571,100000
19572,100000
19573,100000
19574,100000
19575,100000
19576,100000
19577,100000
19578,100000
19579,100000
19580,100000
19581,100000
19582,100000
19583,100000
19584,100000
19585,100000
19586,100000
19587,100000
19588,100000
19589,100000
19590,100000
19591,100000
19592,100000
19593,100000
19594,100000
19595,100000
19596,100000
19597,100000
19598,100000
19599,100000
19600,100000
19601,100000
19602,100000
19603,100000
19604,100000
19605,100000
19606,100000
19607,100000
19608,100000
19609,100000
19610,100000
19611,100000
19612,100000
19613,100000
19614,100000
19615,100000
19616,100000
19617,100000
19618,100000
19619,100000
19620,100000
19621,100000
19622,100000
19623,100000
19624,100000
19625,100000
19626,100000
19627,100000
19628,100000
19629,100000
19630,100000
19631,100000
19632,100000
19633,100000
19634,100000
19635,100000
19636,100000
19637,100000
19638,100000
19639,100000
19640,100000
19641,100000
19642,100000
19643,100000
19644,100000
19645,100000
19646,100000
19647,100000
19648,100000
19649,100000
19650,100000
19651,100000
19652,100000
19653,100000
19654,100000
19655,100000
19656,100000
19657,100000
19658,100000
19659,100000
19660,100000
19661,100000
19662,100000
19663,100000
19664,100000
19665,100000
19666,100000
19667,100000
19668,100000
19669,100000
19670,100000
19671,100000
19672,100000
19673,100000
19674,100000
19675,100000
19676,100000
19677,100000
19678,100000
19679,100000
19680,100000
19681,100000
19682,100000
19683,100000
19684,100000
19685,100000
19686,100000
19687,100000
19688,100000
19689,100000
19690,100000
19691,100000
19692,100000
19693,100000
19694,100000
19695,100000
19696,100000
19697,100000
19698,100000
19699,100000
19700,100000
19701,100000
19702,100000
19703,100000
19704,100000
19705,100000
19706,100000
19707,100000
19708,100000
19709,100000
19710,100000
19711,100000
19712,100000
19713,100000
19714,100000
19715,100000
19716,100000
19717,100000
19718,100000
19719,100000
19720,100000
19721,100000
19722,100000
19723,100000
19724,100000
19725,100000
19726,100000
19727,100000
19728,100000
19729,100000
19730,100000
19731,100000
19732,100000
19733,100000
19734,100000
19735,100000
19736,100000
19737,100000
19738,100000
19739,100000
19740,100000
19741,100000
19742,100000
19743,100000
19744,100000
19745,100000
19746,100000
19747,100000
19748,100000
19749,100000
19750,100000
19751,100000
19752,100000
19753,100000
19754,100000
19755,100000
19756,100000
19757,100000
19758,100000
19759,100000
19760,100000
19761,100000
19762,100000
19763,100000
19764,100000
19765,100000
19766,100000
19767,100000
19768,100000
19769,100000
19770,100000
19771,100000
19772,100000
19773,100000
19774,100000
19775,100000
19776,100000
19777,100000
19778,100000
19779,100000
19780,100000
19781,100000
19782,100000
19783,100000
19784,100000
19785,100000
19786,100000
19787,100000
19788,100000
19789,100000
19790,100000
19791,100000
19792,100000
19793,100000
19794,100000
19795,100000
19796,100000
19797,100000
19798,100000
19799,100000
19800,100000
19801,100000
19802,100000
19803,100000
19804,100000
19805,100000
19806,100000
19807,100000
19808,100000
19809,100000
19810,100000
19811,100000
19812,100000
19813,100000
19814,100000
19815,100000
19816,100000
19817,100000
19818,100000
19819,100000
19820,100000
19821,100000
19822,100000
19823,100000
19824,100000
19825,100000
19826,100000
19827,100000
19828,100000
19829,100000
19830,100000
19831,100000
19832,100000
19833,100000
19834,100000
19835,100000
19836,100000
19837,100000
19838,100000
19839,100000
19840,100000
19841,100000
19842,100000
19843,100000
19844,100000
19845,100000
19846,100000
19847,100000
19848,100000
19849,100000
19850,100000
19851,100000
19852,100000
19853,100000
19854,100000
19855,100000
19856,100000
19857,100000
19858,100000
19859,100000
19860,100000
19861,100000
19862,100000
19863,100000
19864,100000
19865,100000
19866,100000
19867,100000
19868,100000
19869,100000
19870,100000
19871,100000
19872,100000
19873,100000
19874,100000
19875,100000
19876,100000
19877,100000
19878,100000
19879,100000
19880,100000
19881,100000
19882,100000
19883,100000
19884,100000
19885,100000
19886,100000
19887,100000
19888,100000
19889,100000
19890,100000
19891,100000
19892,100000
19893,100000
19894,100000
19895,100000
19896,100000
19897,100000
19898,100000
19899,100000
19900,100000
19901,100000
19902,100000
19903,100000
19904,100000
19905,100000
19906,100000
19907,100000
19908,100000
19909,100000
19910,100000
19911,100000
19912,100000
19913,100000
19914,100000
19915,100000
19916,100000
19917,100000
19918,100000
19919,100000
19920,100000
19921,100000
19922,100000
19923,100000
19924,100000
19925,100000
19926,100000
19927,100000
19928,100000
19929,100000
19930,100000
19931,100000
19932,100000
19933,100000
19934,100000
19935,100000
19936,100000
19937,100000
19938,100000
19939,100000
19940,100000
19941,100000
19942,100000
19943,100000
19944,100000
19945,100000
19946,100000
19947,100000
19948,100000
19949,100000
19950,100000
19951,100000
19952,100000
19953,100000
19954,100000
19955,100000
19956,100000
19957,100000
19958,100000
19959,100000
19960,100000
19961,100000
19962,100000
19963,100000
19964,100000
19965,100000
19966,100000
19967,100000
19968,100000
19969,100000
19970,100000
19971,100000
19972,100000
19973,100000
19974,100000
19975,100000
19976,100000
19977,100000
19978,100000
19979,100000
19980,100000
19981,100000
19982,100000
19983,100000
19984,100000
19985,100000
19986,100000
19987,100000
19988,100000
19989,100000
19990,100000
19991,100000
19992,100000
19993,100000
19994,100000
19995,100000
19996,100000
19997,100000
19998,100000
19999,100000
20000,100000
20001,100000
20002,100000
20003,100000
20004,100000
20005,100000
20006,100000
20007,100000
20008,100000
20009,100000
20010,100000
20011,100000
20012,100000
20013,100000
20014,100000
20015,100000
20016,100000
20017,100000
20018,100000
20019,100000
20020,100000
20021,100000
20022,100000
20023,100000
20024,100000
20025,100000
20026,100000
20027,100000
20028,100000
20029,100000
20030,100000
20031,100000
20032,100000
20033,100000
20034,100000
20035,100000
20036,100000
20037,100000
20038,100000
20039,100000
20040,100000
20041,100000
20042,100000
20043,100000
20044,100000
20045,100000
20046,100000
20047,100000
20048,100000
20049,100000
20050,100000
20051,100000
20052,100000
20053,100000
20054,100000
20055,100000
20056,100000
20057,100000
20058,100000
20059,100000
20060,100000
20061,100000
20062,100000
20063,100000
20064,100000
20065,100000
20066,100000
20067,100000
20068,100000
20069,100000
20070,100000
20071,100000
20072,100000
20073,100000
20074,100000
20075,100000
20076,100000
20077,100000
20078,100000
20079,100000
20080,100000
20081,100000
20082,100000
20083,100000
20084,100000
20085,100000
20086,100000
20087,100000
20088,100000
20089,100000
20090,100000
20091,100000
20092,100000
20093,100000
20094,100000
20095,100000
20096,100000
20097,100000
20098,100000
20099,100000
20100,100000
20101,100000
20102,100000
20103,100000
20104,100000
20105,100000
20106,100000
20107,100000
20108,100000
20109,100000
20110,100000
20111,100000
20112,100000
20113,100000
20114,100000
20115,100000
20116,100000
20117,100000
20118,100000
20119,100000
20120,100000
20121,100000
20122,100000
20123,100000
20124,100000
20125,100000
20126,100000
20127,100000
20128,100000
20129,100000
20130,100000
20131,100000
20132,100000
20133,100000
20134,100000
20135,100000
20136,100000
20137,100000
20138,100000
20139,100000
20140,100000
20141,100000
20142,100000
20143,100000
20144,100000
20145,100000
20146,100000
20147,100000
20148,100000
20149,100000
20150,100000
20151,100000
20152,100000
20153,100000
20154,100000
20155,100000
20156,100000
20157,100000
20158,100000
20159,100000
20160,100000
20161,100000
20162,100000
20163,100000
20164,100000
20165,100000
20166,100000
20167,100000
20168,100000
20169,100000
20170,100000
20171,100000
20172,100000
20173,100000
20174,100000
20175,100000
20176,100000
20177,100000
20178,100000
20179,100000
20180,100000
20181,100000
20182,100000
20183,100000
20184,100000
20185,100000
20186,100000
20187,100000
20188,100000
20189,100000
20190,100000
20191,100000
20192,100000
20193,100000
20194,100000
20195,100000
20196,100000
20197,100000
20198,100000
20199,100000
20200,100000
20201,100000
20202,100000
20203,100000
20204,100000
20205,100000
20206,100000
20207,100000
20208,100000
20209,100000
20210,100000
20211,100000
20212,100000
20213,100000
20214,100000
20215,100000
20216,100000
20217,100000
20218,100000
20219,100000
20220,100000
20221,100000
20222,100000
20223,100000
20224,100000
20225,100000
20226,100000
20227,100000
20228,100000
20229,100000
20230,100000
20231,100000
20232,100000
20233,100000
20234,100000
20235,100000
20236,100000
20237,100000
20238,100000
20239,100000
20240,100000
20241,100000
20242,100000
20243,100000
20244,100000
20245,100000
20246,100000
20247,100000
20248,100000
20249,100000
20250,100000
20251,100000
20252,100000
20253,100000
20254,100000
20255,100000
20256,100000
20257,100000
20258,100000
20259,100000
20260,100000
20261,100000
20262,100000
20263,100000
20264,100000
20265,100000
20266,100000
20267,100000
20268,100000
20269,100000
20270,100000
20271,100000
20272,100000
20273,100000
20274,100000
20275,100000
20276,100000
20277,100000
20278,100000
20279,100000
20280,100000
20281,100000
20282,100000
20283,100000
20284,100000
20285,100000
20286,100000
20287,100000
20288,100000
20289,100000
20290,100000
20291,100000
20292,100000
20293,100000
20294,100000
20295,100000
20296,100000
20297,100000
20298,100000
20299,100000
20300,100000
20301,100000
20302,100000
20303,100000
20304,100000
20305,100000
20306,100000
20307,100000
20308,100000
20309,100000
20310,100000
20311,100000
20312,100000
20313,100000
20314,100000
20315,100000
20316,100000
20317,100000
20318,100000
20319,100000
20320,100000
20321,100000
20322,100000
20323,100000
20324,100000
20325,100000
20326,100000
20327,100000
20328,100000
20329,100000
20330,100000
20331,100000
20332,100000
20333,100000
20334,100000
20335,100000
20336,100000
20337,100000
20338,100000
20339,100000
20340,100000
20341,100000
20342,100000
20343,100000
20344,100000
20345,100000
20346,100000
20347,100000
20348,100000
20349,100000
20350,100000
20351,100000
20352,100000
20353,100000
20354,100000
20355,100000
20356,100000
20357,100000
20358,100000
20359,100000
20360,100000
20361,100000
20362,100000
20363,100000
20364,100000
20365,100000
20366,100000
20367,100000
20368,100000
20369,100000
20370,100000
20371,100000
20372,100000
20373,100000
20374,100000
20375,100000
20376,100000
20377,100000
20378,100000
20379,100000
20380,100000
20381,100000
20382,100000
20383,100000
20384,100000
20385,100000
20386,100000
20387,100000
20388,100000
20389,100000
20390,100000
20391,100000
20392,100000
20393,100000
20394,100000
20395,100000
20396,100000
20397,100000
20398,100000
20399,100000
20400,100000
20401,100000
20402,100000
20403,100000
20404,100000
20405,100000
20406,100000
20407,100000
20408,100000
20409,100000
20410,100000
20411,100000
20412,100000
20413,100000
20414,100000
20415,100000
20416,100000
20417,100000
20418,100000
20419,100000
20420,100000
20421,100000
20422,100000
20423,100000
20424,100000
20425,100000
20426,100000
20427,100000
20428,100000
20429,100000
20430,100000
20431,100000
20432,100000
20433,100000
20434,100000
20435,100000
20436,100000
20437,100000
20438,100000
20439,100000
20440,100000
20441,100000
20442,100000
20443,100000
20444,100000
20445,100000
20446,100000
20447,100000
20448,100000
20449,100000
20450,100000
20451,100000
20452,100000
20453,100000
20454,100000
20455,100000
20456,100000
20457,100000
20458,100000
20459,100000
20460,100000
20461,100000
20462,100000
20463,100000
20464,100000
20465,100000
20466,100000
20467,100000
20468,100000
20469,100000
20470,100000
20471,100000
20472,100000
20473,100000
20474,100000
20475,100000
20476,100000
20477,100000
20478,100000
20479,100000
20480,100000
20481,100000
20482,100000
20483,100000
20484,100000
20485,100000
20486,100000
20487,100000
20488,100000
20489,100000
20490,100000
20491,100000
20492,100000
20493,100000
20494,100000
20495,100000
20496,100000
20497,100000
20498,100000
20499,100000
20500,100000
20501,100000
20502,100000
20503,100000
20504,100000
20505,100000
20506,100000
20507,100000
20508,100000
20509,100000
20510,100000
20511,100000
20512,100000
20513,100000
20514,100000
20515,100000
20516,100000
20517,100000
20518,100000
20519,100000
20520,100000
20521,100000
20522,100000
20523,100000
20524,100000
20525,100000
20526,100000
20527,100000
20528,100000
20529,100000
20530,100000
20531,100000
20532,100000
20533,100000
20534,100000
20535,100000
20536,100000
20537,100000
20538,100000
20539,100000
20540,100000
20541,100000
20542,100000
20543,100000
20544,100000
20545,100000
20546,100000
20547,100000
20548,100000
20549,100000
20550,100000
20551,100000
20552,100000
20553,100000
20554,100000
20555,100000
20556,100000
20557,100000
20558,100000
20559,100000
20560,100000
20561,100000
20562,100000
20563,100000
20564,100000
20565,100000
20566,100000
20567,100000
20568,100000
20569,100000
20570,100000
20571,100000
20572,100000
20573,100000
20574,100000
20575,100000
20576,100000
20577,100000
20578,100000
20579,100000
20580,100000
20581,100000
20582,100000
20583,100000
20584,100000
20585,100000
20586,100000
20587,100000
20588,100000
20589,100000
20590,100000
20591,100000
20592,100000
20593,100000
20594,100000
20595,100000
20596,100000
20597,100000
20598,100000
20599,100000
20600,100000
20601,100000
20602,100000
20603,100000
20604,100000
20605,100000
20606,100000
20607,100000
20608,100000
20609,100000
20610,100000
20611,100000
20612,100000
20613,100000
20614,100000
20615,100000
20616,100000
20617,100000
20618,100000
20619,100000
20620,100000
20621,100000
20622,100000
20623,100000
20624,100000
20625,100000
20626,100000
20627,100000
20628,100000
20629,100000
20630,100000
20631,100000
20632,100000
20633,100000
20634,100000
20635,100000
20636,100000
20637,100000
20638,100000
20639,100000
20640,100000
20641,100000
20642,100000
20643,100000
20644,100000
20645,100000
20646,100000
20647,100000
20648,100000
20649,100000
20650,100000
20651,100000
20652,100000
20653,100000
20654,100000
20655,100000
20656,100000
20657,100000
20658,100000
20659,100000
20660,100000
20661,100000
20662,100000
20663,100000
20664,100000
20665,100000
20666,100000
20667,100000
20668,100000
20669,100000
20670,100000
20671,100000
20672,100000
20673,100000
20674,100000
20675,100000
20676,100000
20677,100000
20678,100000
20679,100000
20680,100000
20681,100000
20682,100000
20683,100000
20684,100000
20685,100000
20686,100000
20687,100000
20688,100000
20689,100000
20690,100000
20691,100000
20692,100000
20693,100000
20694,100000
20695,100000
20696,100000
20697,100000
20698,100000
20699,100000
20700,100000
20701,100000
20702,100000
20703,100000
20704,100000
20705,100000
20706,100000
20707,100000
20708,100000
20709,100000
20710,100000
20711,100000
20712,100000
20713,100000
20714,100000
20715,100000
20716,100000
20717,100000
20718,100000
20719,100000
20720,100000
20721,100000
20722,100000
20723,100000
20724,100000
20725,100000
20726,100000
20727,100000
20728,100000
20729,100000
20730,100000
20731,100000
20732,100000
20733,100000
20734,100000
20735,100000
20736,100000
20737,100000
20738,100000
20739,100000
20740,100000
20741,100000
20742,100000
20743,100000
20744,100000
20745,100000
20746,100000
20747,100000
20748,100000
20749,100000
20750,100000
20751,100000
20752,100000
20753,100000
20754,100000
20755,100000
20756,100000
20757,100000
20758,100000
20759,100000
20760,100000
20761,100000
20762,100000
20763,100000
20764,100000
20765,100000
20766,100000
20767,100000
20768,100000
20769,100000
20770,100000
20771,100000
20772,100000
20773,100000
20774,100000
20775,100000
20776,100000
20777,100000
20778,100000
20779,100000
20780,100000
20781,100000
20782,100000
20783,100000
20784,100000
20785,100000
20786,100000
20787,100000
20788,100000
20789,100000
20790,100000
20791,100000
20792,100000
20793,100000
20794,100000
20795,100000
20796,100000
20797,100000
20798,100000
20799,100000
20800,100000
20801,100000
20802,100000
20803,100000
20804,100000
20805,100000
20806,100000
20807,100000
20808,100000
20809,100000
20810,100000
20811,100000
20812,100000
20813,100000
20814,100000
20815,100000
20816,100000
20817,100000
20818,100000
20819,100000
20820,100000
20821,100000
20822,100000
20823,100000
20824,100000
20825,100000
20826,100000
20827,100000
20828,100000
20829,100000
20830,100000
20831,100000
20832,100000
20833,100000
20834,100000
20835,100000
20836,100000
20837,100000
20838,100000
20839,100000
20840,100000
20841,100000
20842,100000
20843,100000
20844,100000
20845,100000
20846,100000
20847,100000
20848,100000
20849,100000
20850,100000
20851,100000
20852,100000
20853,100000
20854,100000
20855,100000
20856,100000
20857,100000
20858,100000
20859,100000
20860,100000
20861,100000
20862,100000
20863,100000
20864,100000
20865,100000
20866,100000
20867,100000
20868,100000
20869,100000
20870,100000
20871,100000
20872,100000
20873,100000
20874,100000
20875,100000
20876,100000
20877,100000
20878,100000
20879,100000
20880,100000
20881,100000
20882,100000
20883,100000
20884,100000
20885,100000
20886,100000
20887,100000
20888,100000
20889,100000
20890,100000
20891,100000
20892,100000
20893,100000
20894,100000
20895,100000
20896,100000
20897,100000
20898,100000
20899,100000
20900,100000
20901,100000
20902,100000
20903,100000
20904,100000
20905,100000
20906,100000
20907,100000
20908,100000
20909,100000
20910,100000
20911,100000
20912,100000
20913,100000
20914,100000
20915,100000
20916,100000
20917,100000
20918,100000
20919,100000
20920,100000
20921,100000
20922,100000
20923,100000
20924,100000
20925,100000
20926,100000
20927,100000
20928,100000
20929,100000
20930,100000
20931,100000
20932,100000
20933,100000
20934,100000
20935,100000
20936,100000
20937,100000
20938,100000
20939,100000
20940,100000
20941,100000
20942,100000
20943,100000
20944,100000
20945,100000
20946,100000
20947,100000
20948,100000
20949,100000
20950,100000
20951,100000
20952,100000
20953,100000
20954,100000
20955,100000
20956,100000
20957,100000
20958,100000
20959,100000
20960,100000
20961,100000
20962,100000
20963,100000
20964,100000
20965,100000
20966,100000
20967,100000
20968,100000
20969,100000
20970,100000
20971,100000
20972,100000
20973,100000
20974,100000
20975,100000
20976,100000
20977,100000
20978,100000
20979,100000
20980,100000
20981,100000
20982,100000
20983,100000
20984,100000
20985,100000
20986,100000
20987,100000
20988,100000
20989,100000
20990,100000
20991,100000
20992,100000
20993,100000
20994,100000
20995,100000
20996,100000
20997,100000
20998,100000
20999,100000
21000,100000
21001,100000
21002,100000
21003,100000
21004,100000
21005,100000
21006,100000
21007,100000
21008,100000
21009,100000
21010,100000
21011,100000
21012,100000
21013,100000
21014,100000
21015,100000
21016,100000
21017,100000
21018,100000
21019,100000
21020,100000
21021,100000
21022,100000
21023,100000
21024,100000
21025,100000
21026,100000
21027,100000
21028,100000
21029,100000
21030,100000
21031,100000
21032,100000
21033,100000
21034,100000
21035,100000
21036,100000
21037,100000
21038,100000
21039,100000
21040,100000
21041,100000
21042,100000
21043,100000
21044,100000
21045,100000
21046,100000
21047,100000
21048,100000
21049,100000
21050,100000
21051,100000
21052,100000
21053,100000
21054,100000
21055,100000
21056,100000
21057,100000
21058,100000
21059,100000
21060,100000
21061,100000
21062,100000
21063,100000
21064,100000
21065,100000
21066,100000
21067,100000
21068,100000
21069,100000
21070,100000
21071,100000
21072,100000
21073,100000
21074,100000
21075,100000
21076,100000
21077,100000
21078,100000
21079,100000
21080,100000
21081,100000
21082,100000
21083,100000
21084,100000
21085,100000
21086,100000
21087,100000
21088,100000
21089,100000
21090,100000
21091,100000
21092,100000
21093,100000
21094,100000
21095,100000
21096,100000
21097,100000
21098,100000
21099,100000
21100,100000
21101,100000
21102,100000
21103,100000
21104,100000
21105,100000
21106,100000
21107,100000
21108,100000
21109,100000
21110,100000
21111,100000
21112,100000
21113,100000
21114,100000
21115,100000
21116,100000
21117,100000
21118,100000
21119,100000
21120,100000
21121,100000
21122,100000
21123,100000
21124,100000
21125,100000
21126,100000
21127,100000
21128,100000
21129,100000
21130,100000
21131,100000
21132,100000
21133,100000
21134,100000
21135,100000
21136,100000
21137,100000
21138,100000
21139,100000
21140,100000
21141,100000
21142,100000
21143,100000
21144,100000
21145,100000
21146,100000
21147,100000
21148,100000
21149,100000
21150,100000
21151,100000
21152,100000
21153,100000
21154,100000
21155,100000
21156,100000
21157,100000
21158,100000
21159,100000
21160,100000
21161,100000
21162,100000
21163,100000
21164,100000
21165,100000
21166,100000
21167,100000
21168,100000
21169,100000
21170,100000
21171,100000
21172,100000
21173,100000
21174,100000
21175,100000
21176,100000
21177,100000
21178,100000
21179,100000
21180,100000
21181,100000
21182,100000
21183,100000
21184,100000
21185,100000
21186,100000
21187,100000
21188,100000
21189,100000
21190,100000
21191,100000
21192,100000
21193,100000
21194,100000
21195,100000
21196,100000
21197,100000
21198,100000
21199,100000
21200,100000
21201,100000
21202,100000
21203,100000
21204,100000
21205,100000
21206,100000
21207,100000
21208,100000
21209,100000
21210,100000
21211,100000
21212,100000
21213,100000
21214,100000
21215,100000
21216,100000
21217,100000
21218,100000
21219,100000
21220,100000
21221,100000
21222,100000
21223,100000
21224,100000
21225,100000
21226,100000
21227,100000
21228,100000
21229,100000
21230,100000
21231,100000
21232,100000
21233,100000
21234,100000
21235,100000
21236,100000
21237,100000
21238,100000
21239,100000
21240,100000
21241,100000
21242,100000
21243,100000
21244,100000
21245,100000
21246,100000
21247,100000
21248,100000
21249,100000
21250,100000
21251,100000
21252,100000
21253,100000
21254,100000
21255,100000
21256,100000
21257,100000
21258,100000
21259,100000
21260,100000
21261,100000
21262,100000
21263,100000
21264,100000
21265,100000
21266,100000
21267,100000
21268,100000
21269,100000
21270,100000
21271,100000
21272,100000
21273,100000
21274,100000
21275,100000
21276,100000
21277,100000
21278,100000
21279,100000
21280,100000
21281,100000
21282,100000
21283,100000
21284,100000
21285,100000
21286,100000
21287,100000
21288,100000
21289,100000
21290,100000
21291,100000
21292,100000
21293,100000
21294,100000
21295,100000
21296,100000
21297,100000
21298,100000
21299,100000
21300,100000
21301,100000
21302,100000
21303,100000
21304,100000
21305,100000
21306,100000
21307,100000
21308,100000
21309,100000
21310,100000
21311,100000
21312,100000
21313,100000
21314,100000
21315,100000
21316,100000
21317,100000
21318,100000
21319,100000
21320,100000
21321,100000
21322,100000
21323,100000
21324,100000
21325,100000
21326,100000
21327,100000
21328,100000
21329,100000
21330,100000
21331,100000
21332,100000
21333,100000
21334,100000
21335,100000
21336,100000
21337,100000
21338,100000
21339,100000
21340,100000
21341,100000
21342,100000
21343,100000
21344,100000
21345,100000
21346,100000
21347,100000
21348,100000
21349,100000
21350,100000
21351,100000
21352,100000
21353,100000
21354,100000
21355,100000
21356,100000
21357,100000
21358,100000
21359,100000
21360,100000
21361,100000
21362,100000
21363,100000
21364,100000
21365,100000
21366,100000
21367,100000
21368,100000
21369,100000
21370,100000
21371,100000
21372,100000
21373,100000
21374,100000
21375,100000
21376,100000
21377,100000
21378,100000
21379,100000
21380,100000
21381,100000
21382,100000
21383,100000
21384,100000
21385,100000
21386,100000
21387,100000
21388,100000
21389,100000
21390,100000
21391,100000
21392,100000
21393,100000
21394,100000
21395,100000
21396,100000
21397,100000
21398,100000
21399,100000
21400,100000
21401,100000
21402,100000
21403,100000
21404,100000
21405,100000
21406,100000
21407,100000
21408,100000
21409,100000
21410,100000
21411,100000
21412,100000
21413,100000
21414,100000
21415,100000
21416,100000
21417,100000
21418,100000
21419,100000
21420,100000
21421,100000
21422,100000
21423,100000
21424,100000
21425,100000
21426,100000
21427,100000
21428,100000
21429,100000
21430,100000
21431,100000
21432,100000
21433,100000
21434,100000
21435,100000
21436,100000
21437,100000
21438,100000
21439,100000
21440,100000
21441,100000
21442,100000
21443,100000
21444,100000
21445,100000
21446,100000
21447,100000
21448,100000
21449,100000
21450,100000
21451,100000
21452,100000
21453,100000
21454,100000
21455,100000
21456,100000
21457,100000
21458,100000
21459,100000
21460,100000
21461,100000
21462,100000
21463,100000
21464,100000
21465,100000
21466,100000
21467,100000
21468,100000
21469,100000
21470,100000
21471,100000
21472,100000
21473,100000
21474,100000
21475,100000
21476,100000
21477,100000
21478,100000
21479,100000
21480,100000
21481,100000
21482,100000
21483,100000
21484,100000
21485,100000
21486,100000
21487,100000
21488,100000
21489,100000
21490,100000
21491,100000
21492,100000
21493,100000
21494,100000
21495,100000
21496,100000
21497,100000
21498,100000
21499,100000
21500,100000
21501,100000
21502,100000
